name,district,category,lat,lon,short_description
Alexanderplatz,Mitte,square,52.5219,13.4132,"Alexanderplatz is a large public square and transport hub in the former East Berlin, named after the Russian Tsar Alexander I."
World Clock (Weltzeituhr),Mitte,landmark,52.5212,13.4134,The World Clock (Weltzeituhr) on Alexanderplatz was built in 1969 and shows the time in cities around the world.
Red City Hall (Rotes Rathaus),Mitte,landmark,52.5186,13.4083,"The Red City Hall (Rotes Rathaus) is the seat of Berlin's Governing Mayor and Senate, named after its red brick façade."
TV Tower (Fernsehturm),Mitte,landmark,52.5208,13.4094,"The TV Tower (Fernsehturm) is 368 metres tall, the tallest structure in Germany, built by the GDR in 1969, with a viewing platform and a revolving restaurant."
Nikolai Quarter (Nikolaiviertel),Mitte,historic area,52.5169,13.4071,"The Nikolai Quarter (Nikolaiviertel) is Berlin's oldest residential area, around the Nikolai Church, rebuilt by the GDR in the 1980s for the city's 750th anniversary."
Humboldt Forum,Mitte,museum,52.5173,13.4024,"The Humboldt Forum is a museum and cultural centre inside the reconstructed Berlin Palace, opened in 2021."
Berlin Cathedral (Berliner Dom),Mitte,church,52.5191,13.4011,"Berlin Cathedral (Berliner Dom) is the largest Protestant church in Berlin, completed in 1905, with a dome that visitors can climb for views of the city."
Museum Island (Museumsinsel),Mitte,museum,52.5208,13.3969,"Museum Island (Museumsinsel) is a UNESCO World Heritage Site on the Spree river with five major museums, including the Neues Museum, home of the bust of Nefertiti."
Neue Wache,Mitte,memorial,52.5175,13.3956,"The Neue Wache is a neoclassical building by Karl Friedrich Schinkel and today Germany's central memorial to the victims of war and dictatorship, with the sculpture 'Mother with her Dead Son' by Käthe Kollwitz."
Bebelplatz,Mitte,square,52.5163,13.3940,Bebelplatz is the square where the Nazis burned books in 1933; an underground memorial shows empty bookshelves.
Gendarmenmarkt,Mitte,square,52.5137,13.3927,"Gendarmenmarkt is often called Berlin's most beautiful square, with the Konzerthaus between the French and the German Cathedral."
Checkpoint Charlie,Mitte,Cold War,52.5075,13.3904,"Checkpoint Charlie was the most famous border crossing between East and West Berlin during the Cold War, where US and Soviet tanks faced each other in October 1961."
Topography of Terror (Topographie des Terrors),Friedrichshain-Kreuzberg,museum,52.5066,13.3837,"The Topography of Terror is a free documentation centre about the crimes of the Nazi regime, on the site of the former Gestapo and SS headquarters."
Potsdamer Platz,Mitte,square,52.5096,13.3759,Potsdamer Platz was a no-man's-land next to the Berlin Wall and was rebuilt after reunification with modern office towers.
Site of Hitler's Bunker (Führerbunker),Mitte,history,52.5125,13.3812,The site of Hitler's Bunker (Führerbunker) is where Hitler's underground bunker was located and where he died in 1945; today it is a car park with an information board.
Memorial to the Murdered Jews of Europe (Holocaust Memorial),Mitte,memorial,52.5139,13.3787,"The Memorial to the Murdered Jews of Europe (Holocaust Memorial) opened in 2005 and has 2,711 concrete slabs and an information centre underneath."
Tiergarten,Mitte,park,52.5140,13.3600,"Tiergarten is one of Berlin's largest parks, a former royal hunting ground in the city centre."
Reichstag,Mitte,landmark,52.5186,13.3762,The Reichstag is the seat of the German parliament (Bundestag); visitors can go up to its glass dome for free with advance registration.
Brandenburg Gate (Brandenburger Tor),Mitte,landmark,52.5163,13.3777,The Brandenburg Gate (Brandenburger Tor) was built in 1791 and is Berlin's most famous landmark and a symbol of the division and reunification of Germany.
Victory Column (Siegessäule),Mitte,landmark,52.5145,13.3501,"The Victory Column (Siegessäule) in the Tiergarten celebrates Prussian military victories, is topped by a golden statue of Victoria and has a viewing platform."
East Side Gallery,Friedrichshain-Kreuzberg,Cold War,52.5050,13.4397,"The East Side Gallery is the longest remaining section of the Berlin Wall, about 1.3 kilometres long, painted by 118 artists in 1990."
Hackescher Markt,Mitte,square,52.5225,13.4022,"Hackescher Markt is a lively area with restaurants, shops and the Hackesche Höfe, a group of connected courtyards."
Charlottenburg Palace (Schloss Charlottenburg),Charlottenburg-Wilmersdorf,palace,52.5208,13.2957,"Charlottenburg Palace (Schloss Charlottenburg) is the largest palace in Berlin, a baroque palace with large gardens, built at the end of the 17th century."
Kaiser Wilhelm Memorial Church (Kaiser-Wilhelm-Gedächtniskirche),Charlottenburg-Wilmersdorf,church,52.5048,13.3350,"The Kaiser Wilhelm Memorial Church was badly damaged in the Second World War; its ruined tower was kept as a memorial against war, next to a modern church from the 1960s."
Tempelhofer Feld,Tempelhof-Schöneberg,park,52.4730,13.4010,"Tempelhofer Feld is a former airport turned into a huge public park, where people walk, cycle and skate on the old runways."
Berlin Wall Memorial (Gedenkstätte Berliner Mauer),Mitte,Cold War,52.5351,13.3903,"The Berlin Wall Memorial on Bernauer Straße is the central memorial of the Berlin Wall, with a preserved section of the border strip and a viewing tower."
Oberbaum Bridge (Oberbaumbrücke),Friedrichshain-Kreuzberg,landmark,52.5017,13.4457,The Oberbaum Bridge (Oberbaumbrücke) is a red-brick double-deck bridge over the Spree that connects Kreuzberg and Friedrichshain and was a border crossing during the Cold War.
Kurfürstendamm,Charlottenburg-Wilmersdorf,shopping,52.5030,13.3270,"Kurfürstendamm, known as the 'Ku'damm', is the most famous shopping boulevard of the former West Berlin."
KaDeWe,Tempelhof-Schöneberg,shopping,52.5015,13.3412,"KaDeWe is one of the largest department stores in Europe, opened in 1907 and famous for its food hall on the sixth floor."
Jewish Museum Berlin (Jüdisches Museum),Friedrichshain-Kreuzberg,museum,52.5021,13.3946,The Jewish Museum Berlin (Jüdisches Museum) presents Jewish history in Germany and is known for its zigzag building designed by Daniel Libeskind.
Soviet War Memorial in Treptower Park (Sowjetisches Ehrenmal),Treptow-Köpenick,memorial,52.4866,13.4697,"The Soviet War Memorial in Treptower Park is a huge memorial and military cemetery for Soviet soldiers who died in the Battle of Berlin in 1945, with a 12-metre statue of a soldier holding a child."
DDR Museum,Mitte,museum,52.5194,13.4028,The DDR Museum is an interactive museum about everyday life in the German Democratic Republic (East Germany).
Unter den Linden,Mitte,street,52.5170,13.3889,"Unter den Linden is Berlin's historic boulevard, named after its linden trees, running from the Brandenburg Gate to Museum Island."
Mauerpark,Pankow,park,52.5433,13.4024,"Mauerpark is a park on the former death strip of the Berlin Wall, famous for its Sunday flea market and open-air karaoke."
Berlin Zoo (Zoologischer Garten),Mitte,family,52.5079,13.3378,The Berlin Zoo (Zoologischer Garten) opened in 1844 and is the oldest zoo in Germany.
Teufelsberg,Charlottenburg-Wilmersdorf,Cold War,52.4977,13.2410,"Teufelsberg is an artificial hill made of war rubble, with a former US listening station from the Cold War and views over the city."
Sanssouci Palace (Schloss Sanssouci),Potsdam (outside Berlin),palace,52.4044,13.0386,"Sanssouci Palace (Schloss Sanssouci) was the summer palace of Frederick the Great in Potsdam, a UNESCO World Heritage Site less than one hour by train from Berlin."
